,,Code RechV,NOMBRE DE MSN / MOIS,202001,202002,202003,202004,202005,202006,202007,202008,202009,202010,202011,202012,202101,202102,202103,202104,202105,202106,202107,202108,202109,202110,202111,202112,202201,202202,202203,202204,202205,202206,202207,202208,202209,202210,202211,202212,202301,202302,202303,202304,202305,202306,202307,202308,202309,202310,202311,202312,202401,202402,202403,202404,202405,202406,202407,202408,202409,202410,202411,202412,202501,202502,202503,202504,202505,202506,202507,202508,202509,202510,202511,202512,202601,202602,202603,202604,202605,202606,202607,202608,202609,202610,202611,202612
A350 Structure PA,,PPA,PA STR,"9,61","9,64","6,00","2,50","4,00","5,05","3,70","4,10","6,10","4,00","3,50","3,20","4,24","5,01","4,93","3,83","3,16","4,32","3,67","1,82","6,13","3,40","4,01","3,20","4,63","4,64","5,88","4,65","3,81","4,49","2,59","2,29","5,02","4,73","4,53","4,10","5,50","5,37","6,10","4,99","4,10","4,92","3,08","2,77","5,88","5,65","5,82","4,27","5,95","5,92","5,38","4,84","3,96","4,43","3,11","2,67","5,40","5,91","5,15","3,78","5,22","5,61","5,81","5,77","4,19","5,72","5,20","2,47","6,55","7,27","5,77","5,63","6,00","6,30","7,40","7,00","5,10","7,00",,,,,,
A350 Structure TC,,PTC,TC STR,"10,26","9,16","5,80","3,78","4,04","5,87","4,86","2,06","6,51","6,40","3,41","2,87","3,99","4,28","5,10","4,02","2,54","3,74","3,87","1,87","4,76","3,67","4,54","2,80","4,85","4,55","5,82","4,68","3,99","4,58","2,70","2,47","5,51","5,00","5,03","3,12","4,39","3,38","3,59","4,07","3,62","5,63","2,51","2,57","5,86","6,31","5,76","3,91","6,11","6,13","5,58","5,22","4,65","4,88","3,51","3,22","6,22","5,48","5,47","4,29","5,06","4,82","5,50","6,75","4,42","6,04","5,35","2,79","7,29","8,77","6,64","6,04","6,30","6,80","6,50","6,30","4,90","7,60",,,,,,
A350 Système PA,,CPA,PA SYS,"9,39","9,11","5,04","2,19","3,63","5,05","4,10","3,90","5,00","5,70","3,90","2,33","5,10","4,14","5,07","4,99","4,29","3,90","3,80","1,80","5,62","4,09","4,01","2,52","5,12","4,78","5,79","4,82","4,53","5,03","2,35","2,06","4,79","4,76","4,61","3,74","5,88","4,84","6,18","5,09","4,34","4,65","2,65","2,84","5,53","5,89","5,45","4,01","5,79","5,63","5,17","5,10","3,95","5,03","3,68","3,34","4,95","5,83","4,87","3,94","5,09","5,39","5,46","5,62","3,84","5,21","5,08","2,53","6,37","7,46","6,12","5,24","6,10","6,90","8,30","6,70","5,20","7,40",,,,,,
A350 Système TC,,CTC,TC SYS,"10,26","8,30","5,63","2,67","3,70","6,16","4,17","1,77","5,24","5,50","4,67","3,51","3,38","4,80","5,67","4,96","2,84","3,32","3,37","1,63","5,62","4,09","4,54","3,32","5,31","4,48","5,83","4,58","4,70","5,35","2,52","1,88","5,36","5,01","4,82","3,84","5,60","4,43","4,28","3,21","3,16","4,66","3,03","2,72","5,02","6,01","5,57","4,31","5,53","6,18","5,82","5,26","4,52","4,80","4,03","4,14","3,86","5,52","5,10","3,97","5,94","5,67","4,31","5,21","3,93","6,05","5,50","2,88","6,64","7,70","6,84","5,08","7,60","7,10","7,30","5,70","5,60","6,30",,,,,,
A350,,,A350,"9,88","9,05","5,62","2,79","3,84","5,53","4,21","2,96","5,71","5,40","3,87","2,98","4,18","4,56","5,19","4,45","3,21","3,82","3,68","1,78","5,53","3,81","4,28","2,96","4,98","4,61","5,83","4,68","4,26","4,86","2,54","2,18","5,17","4,88","4,75","3,70","5,34","4,51","5,04","4,34","3,81","5,07","2,79","2,70","5,54","6,04","5,64","4,10","5,84","6,02","5,54","5,16","4,32","4,89","3,65","3,46","5,13","5,62","5,19","4,05","5,35","5,30","5,17","5,92","4,12","5,84","5,32","2,72","6,81","7,98","6,49","5,52","6,60","6,80","7,20","6,30","5,20","7,10",,,,,,
,,,PA,"9,50","9,38","5,52","2,35","3,82","5,05","3,90","4,00","5,55","4,85","3,70","2,77","4,67","4,58","5,00","4,41","3,73","4,11","3,74","1,81","5,88","3,75","4,01","2,86","4,88","4,71","5,84","4,74","4,17","4,76","2,47","2,18","4,91","4,75","4,57","3,92","5,69","5,11","6,14","5,04","4,22","4,78","2,87","2,81","5,71","5,77","5,64","4,14","5,87","5,78","5,28","4,97","3,96","4,73","3,40","3,01","5,18","5,87","5,01","3,86","5,16","5,50","5,64","5,70","4,02","5,47","5,14","2,50","6,46","7,37","5,95","5,44","6,05","6,60","7,85","6,85","5,15","7,20","0,00","0,00","0,00","0,00","0,00","0,00"
,,,TC,"10,26","8,73","5,72","3,23","3,87","6,02","4,52","1,92","5,88","5,95","4,04","3,19","3,69","4,54","5,39","4,49","2,69","3,53","3,62","1,75","5,19","3,88","4,54","3,06","5,08","4,52","5,83","4,63","4,35","4,97","2,61","2,18","5,44","5,01","4,93","3,48","5,00","3,91","3,94","3,64","3,39","5,14","2,77","2,65","5,44","6,16","5,67","4,11","5,82","6,16","5,70","5,24","4,59","4,84","3,77","3,68","5,04","5,50","5,29","4,13","5,50","5,25","4,91","5,98","4,18","6,05","5,43","2,84","6,97","8,24","6,74","5,56","6,95","6,95","6,90","6,00","5,25","6,95","0,00","0,00","0,00","0,00","0,00","0,00"
,A350 Structure PA,,Cumul - PA STR,"9,61","19,25","25,25","27,75","31,75","36,80","40,50","44,60","50,70","54,70","58,20","61,40","4,24","9,25","14,18","18,01","21,17","25,49","29,16","30,98","37,11","40,51","44,52","47,72","4,63","9,27","15,15","19,80","23,61","28,10","30,69","32,98","38,00","42,73","47,26","51,36","5,50","10,87","16,97","21,96","26,06","30,98","34,06","36,83","42,71","48,36","54,18","58,45","5,95","11,87","17,25","22,09","26,05","30,48","33,59","36,26","41,66","47,57","52,72","56,50","5,22","10,83","16,64","22,41","26,60","32,32","37,52","39,99","46,54","53,81","59,58","65,21","6,00","12,30","19,70","26,70","31,80","38,80","38,80","38,80","38,80","38,80","38,80","38,80"
,A350 Structure TC,,Cumul - TC STR,"10,26","19,42","25,22","29,00","33,04","38,91","43,77","45,83","52,34","58,74","62,15","65,02","3,99","8,27","13,37","17,39","19,93","23,67","27,54","29,41","34,17","37,84","42,38","45,18","4,85","9,40","15,22","19,90","23,89","28,47","31,17","33,64","39,15","44,15","49,18","52,30","4,39","7,77","11,36","15,43","19,05","24,68","27,19","29,76","35,62","41,93","47,69","51,60","6,11","12,24","17,82","23,04","27,69","32,57","36,08","39,30","45,52","51,00","56,47","60,76","5,06","9,88","15,38","22,13","26,55","32,59","37,94","40,73","48,02","56,79","63,43","69,47","6,30","13,10","19,60","25,90","30,80","38,40","38,40","38,40","38,40","38,40","38,40","38,40"
,A350 Système PA,,Cumul - PA SYS,"9,39","18,50","23,54","25,73","29,36","34,41","38,51","42,41","47,41","53,11","57,01","59,34","5,10","9,24","14,31","19,30","23,59","27,49","31,29","33,09","38,71","42,80","46,81","49,33","5,12","9,90","15,69","20,51","25,04","30,07","32,42","34,48","39,27","44,03","48,64","52,38","5,88","10,72","16,90","21,99","26,33","30,98","33,63","36,47","42,00","47,89","53,34","57,35","5,79","11,42","16,59","21,69","25,64","30,67","34,35","37,69","42,64","48,47","53,34","57,28","5,09","10,48","15,94","21,56","25,40","30,61","35,69","38,22","44,59","52,05","58,17","63,41","6,10","13,00","21,30","28,00","33,20","40,60","40,60","40,60","40,60","40,60","40,60","40,60"
,A350 Système TC,,Cumul - TC SYS,"10,26","18,56","24,19","26,86","30,56","36,72","40,89","42,66","47,90","53,40","58,07","61,58","3,38","8,18","13,85","18,81","21,65","24,97","28,34","29,97","35,59","39,68","44,22","47,54","5,31","9,79","15,62","20,20","24,90","30,25","32,77","34,65","40,01","45,02","49,84","53,68","5,60","10,03","14,31","17,52","20,68","25,34","28,37","31,09","36,11","42,12","47,69","52,00","5,53","11,71","17,53","22,79","27,31","32,11","36,14","40,28","44,14","49,66","54,76","58,73","5,94","11,61","15,92","21,13","25,06","31,11","36,61","39,49","46,13","53,83","60,67","65,75","7,60","14,70","22,00","27,70","33,30","39,60","39,60","39,60","39,60","39,60","39,60","39,60"
,A350,,Cumul - A350,"9,88","18,93","24,55","27,34","31,18","36,71","40,92","43,88","49,59","54,99","58,86","61,84","4,18","8,74","13,93","18,38","21,59","25,41","29,08","30,86","36,40","40,21","44,48","47,44","4,98","9,59","15,42","20,10","24,36","29,22","31,76","33,94","39,11","43,98","48,73","52,43","5,34","9,85","14,89","19,23","23,03","28,10","30,89","33,59","39,13","45,17","50,81","54,91","5,84","11,86","17,40","22,56","26,88","31,77","35,42","38,88","44,01","49,63","54,82","58,87","5,35","10,65","15,82","21,74","25,86","31,70","37,02","39,74","46,55","54,53","61,02","66,54","6,60","13,40","20,60","26,90","32,10","39,20","39,20","39,20","39,20","39,20","39,20","39,20"
,,,Cumul - PA,"9,50","18,88","24,40","26,74","30,56","35,61","39,51","43,51","49,06","53,91","57,61","60,37","4,67","9,25","14,25","18,66","22,38","26,49","30,23","32,04","37,91","41,66","45,67","48,53","4,88","9,59","15,42","20,16","24,33","29,09","31,56","33,73","38,64","43,38","47,95","51,87","5,69","10,80","16,94","21,98","26,20","30,98","33,84","36,65","42,35","48,12","53,76","57,90","5,87","11,65","16,92","21,89","25,85","30,58","33,97","36,98","42,15","48,02","53,03","56,89","5,16","10,66","16,29","21,99","26,00","31,47","36,61","39,11","45,57","52,93","58,88","64,31","6,05","12,65","20,50","27,35","32,50","39,70","39,70","39,70","39,70","39,70","39,70","39,70"
,,,Cumul - TC,"10,26","18,99","24,71","27,93","31,80","37,82","42,33","44,25","50,12","56,07","60,11","63,30","3,69","8,23","13,61","18,10","20,79","24,32","27,94","29,69","34,88","38,76","43,30","46,36","5,08","9,60","15,42","20,05","24,40","29,36","31,97","34,15","39,58","44,59","49,51","52,99","5,00","8,90","12,84","16,48","19,87","25,01","27,78","30,42","35,86","42,02","47,69","51,80","5,82","11,98","17,68","22,92","27,50","32,34","36,11","39,79","44,83","50,33","55,62","59,75","5,50","10,75","15,65","21,63","25,81","31,85","37,28","40,11","47,08","55,31","62,05","67,61","6,95","13,90","20,80","26,80","32,05","39,00","39,00","39,00","39,00","39,00","39,00","39,00"
,,,,,,,,,,,,,,,,,,,,,,,,,,,,,,,,,,,,,,,,,,,,,,,,,,,,,,,,,,,,,,,,,,,,,,,,,,,,,,,,,,,,,,,
,,,,,,,,,,,,,,,,,,,,,,,,,,,,,,,,,,,,,,,,,,,,,,,,,,,,,,,,,,,,,,,,,,,,,,,,,,,,,,,,,,,,,,,
,,,,,,,,,,,,,,,,,,,,,,,,,,,,,,,,,,,,,,,,,,,,,,,,,,,,,,,,,,,,,,,,,,,,,,,,,,,,,,,,,,,,,,,
,,,,202601,202602,202603,202604,202605,202606,202607,202608,202609,202610,202611,202612,,,AVERAGE NB OF MSN,,,,,,,,,,,,,,,,,,,,,,,,,,,,,,,,,,,,,,,,,,,,,,,,,,,,,,,,,,,,,,,,,,,,,
,,2026,NOMBRE DE MSN / MOIS,202601,202602,202603,202604,202605,202606,202607,202608,202609,202610,202611,202612,2026 YtD,,2021,2022,2023,2024,2025,2026,PA STR,41,,,,,,,,,,,,,,,,,,,,,,,,,,,,,,,,,,,,,,,,,,,,,,,,,,,,,,,,,,,,,,
,,,PA STR,"6,00","6,30","7,40","7,00","5,10","7,00",,,,,,,"38,80",PA STR,"3,98","4,28","4,87","4,71","5,43","6,47",TC STR,175,,,,,,,,,,,,,,,,,,,,,,,,,,,,,,,,,,,,,,,,,,,,,,,,,,,,,,,,,,,,,,
,,,TC STR,"6,30","6,80","6,50","6,30","4,90","7,60",,,,,,,"38,40",TC STR,"3,77","4,36","4,30","5,06","5,79","6,40",PA SYS,67,,,,,,,,,,,,,,,,,,,,,,,,,,,,,,,,,,,,,,,,,,,,,,,,,,,,,,,,,,,,,,
,,,PA SYS,"6,10","6,90","8,30","6,70","5,20","7,40",,,,,,,"40,60",PA SYS,"4,11","4,37","4,78","4,77","5,28","6,77",TC SYS,196,,,,,,,,,,,,,,,,,,,,,,,,,,,,,,,,,,,,,,,,,,,,,,,,,,,,,,,,,,,,,,
,,,TC SYS,"7,60","7,10","7,30","5,70","5,60","6,30",,,,,,,"39,60",TC SYS,"3,96","4,47","4,33","4,89","5,48","6,60",A350,XWB,,,,,,,,,,,,,,,,,,,,,,,,,,,,,,,,,,,,,,,,,,,,,,,,,,,,,,,,,,,,,,
,,,A350,"6,60","6,80","7,20","6,30","5,20","7,10",,,,,,,"39,20",A350,"3,95","4,37","4,58","4,91","5,55","6,53",,,,,,,,,,,,,,,,,,,,,,,,,,,,,,,,,,,,,,,,,,,,,,,,,,,,,,,,,,,,,,,,
,,,,,,,,,,,,,,,,,,,,,,,,,,,,,,,,,,,,,,,,,,,,,,,,,,,,,,,,,,,,,,,,,,,,,,,,,,,,,,,,,,,,,,,
,,,,,,,,,,,,,,,,,A350 à l'année,"47,44","52,43","54,91","58,87","66,54","78,40",,,,,,,,,,,,,,,,,,,,,,,,,,,,,,,,,,,,,,,,,,,,,,,,,,,,,,,,,,,,,,,,
,,,,,,,,,,,,,,,,,,,,,,,,,,,,,,,,,,,,,,,,,,,,,,,,,,,,,,,,,,,,,,,,,,,,,,,,,,,,,,,,,,,,,,,
,,,,,,,,,,,,,,,,,,,,,,,,,,,,,,,,,,,,,,,,,,,,,,,,,,,,,,,,,,,,,,,,,,,,,,,,,,,,,,,,,,,,,,,
,,,,,,,,,,,,,,,,,, ,,,,,,,,,,,,,,,,,,,,,,,,,,,,,,,,,,,,,,,,,,,,,,,,,,,,,,,,,,,,,,,,,,,,,
,,,,,,,,,,,,,,,,,,,,,,,,,,,,,,,,,,,,,,,,,,,,,,,,,,,,,,,,,,,,,,,,,,,,,,,,,,,,,,,,,,,,,,,
,,,,,,,,,,,,,,,,,,,,,,,,,,,,,,,,,,,,,,,,,,,,,,,,,,,,,,,,,,,,,,,,,,,,,,,,,,,,,,,,,,,,,,,
,,,,,,,,,,,,,,,,,,,,,,,,,,,,,,,,,,,,,,,,,,,,,,,,,,,,,,,,,,,,,,,,,,,,,,,,,,,,,,,,,,,,,,,
,,,,,,,,,,,,,,,,,,,,,,,,,,,,,,,,,,,,,,,,,,,,,,,,,,,,,,,,,,,,,,,,,,,,,,,,,,,,,,,,,,,,,,,
,,,,,,,,,,,,,,,,,,,,,,,,,,,,,,,,,,,,,,,,,,,,,,,,,,,,,,,,,,,,,,,,,,,,,,,,,,,,,,,,,,,,,,,
,,,,,,,,,,,,,,,,,,,,,,,,,,,,,,,,,,,,,,,,,,,,,,,,,,,,,,,,,,,,,,,,,,,,,,,,,,,,,,,,,,,,,,,
,,,,,,,,,,,,,,,,,,,,,,,,,,,,,,,,,,,,,,,,,,,,,,,,,,,,,,,,,,,,,,,,,,,,,,,,,,,,,,,,,,,,,,,
,,,,,,,,,,,,,,,,,,,,,,,,,,,,,,,,,,,,,,,,,,,,,,,,,,,,,,,,,,,,,,,,,,,,,,,,,,,,,,,,,,,,,,,
,,,,,,,,,,,,,,,,,,,,,,,,,,,,,,,,,,,,,,,,,,,,,,,,,,,,,,,,,,,,,,,,,,,,,,,,,,,,,,,,,,,,,,,
,,,,,,,,,, ,,,,,,,,,,,,,,,,,,,,,,,,,,,,,,,,,,,,,,,,,,,,,,,,,,,,,,,,,,,,,,,,,,,,,,,,,,,,,