SUM de Nb de perçages,Poste,,
Famille,280,290,Total général
 ABS1707BC8V3A,2,,2
-,23,73,96
/,4,,4
104-M2-005,28,350,378
104-M2-008,,142,142
104-M2-012,,16,16
107-V3-008,,442,442
107-V3-014,,14,14
107-V3-114,,100,100
116-H2-005,12,,12
119-V3-002,4952,,4952
119-V3-003,428,,428
119-V3-006,198,,198
119-V3-102,296,,296
119-V3-103,100,,100
201-M2-023,,64,64
201-M2-051,,60,60
201-M2-061,,8,8
202-M1-061,3,6,9
202-M2-003,,16,16
202-M2-011,,14,14
202-M2-043,,80,80
207-H2-031-E,,112,112
207-H2-071-E,,40,40
207-H2-171,28,,28
401-M2-005-A-P2-3.2,,604,604
401-M2-012-A-P3-4.1,,10,10
401-M2-012-C-P3,,36,36
403-V3-005-A-P2-3.2,110,,110
403-V3-105-A-P2-3.2,58,420,478
FC 101-M2-004,,8,8
FC 101-M2-011,,2,2
FC 101-M2-018,,4,4
FC 101-M2-019,,4,4
FC 107-V3-108,,24,24
FC SNZ-V3-288,,6,6
"Foret 3,2",,2,2
"Ø3.2 ST00097518
Ø4.1 ST00097520
Ø5.6 ST00097527
Ø6.7 ST00097583
Ø6.92 ST00097533
Ø7.12 ST00097652",,6,6
SNZ-F7-019,,6,6
SNZ-G8-129,,12,12
SNZ-H1-049,16,,16
SNZ-H1-050,16,,16
SNZ-H2-009-E,,62,62
SNZ-H2-038,112,,112
SNZ-H2-038-E,34,,34
SNZ-H2-064,,16,16
SNZ-H2-177-E,110,32,142
SNZ-H2-276,288,,288
SNZ-H2-312-E,376,,376
SNZ-M1-134,,6,6
SNZ-M1-350,10,,10
SNZ-M2-010,,844,844
SNZ-M2-021,,144,144
SNZ-M2-041,,514,514
SNZ-M2-043,,142,142
SNZ-M2-044,,20,20
SNZ-M2-046,,112,112
SNZ-M2-047,,4,4
SNZ-M2-127,,14,14
SNZ-M2-223,,100,100
SNZ-M2-224,,62,62
SNZ-M2-269,,4,4
SNZ-M2-283,,289,289
SNZ-M2-296,,16,16
SNZ-M2-315,42,,42
SNZ-M2-316,36,,36
SNZ-T2-014,,8,8
SNZ-V3-039,77,,77
SNZ-V3-040,415,,415
SNZ-V3-065,1576,,1576
SNZ-V3-116,45,,45
SNZ-V3-121,,627,627
SNZ-V3-122,,366,366
SNZ-V3-123,,78,78
SNZ-V3-148,20,,20
SNZ-V3-202,22,,22
SNZ-V3-284,,44,44
SNZ-V3-285,,6,6
SNZ-V3-286,,48,48
SNZ-V3-287,,122,122
SNZ-V3-288,,30,30
SNZ-V3-289,,6,6
SNZ-V3-319-A-P2-3.2,,268,268
SNZ-XX-106,316,,316
SNZ-XX-227,74,,74
SNZ-XX-228,91,,91
SNZ-XX-229,4,,4
SNZ-XX-272,12,,12
ST510,28,,28
ST510-3,,300,300
ST550-3,,26,26
Total général,9962,6991,16953