SUM de Nb de perçages,Poste,,,,,
Famille,WP ULR 1,P370,P360 ou P355,P360,P355,Total général
 247-V3-151,,3,,,,3
 SNZ-H7-291,,,,4,,4
-,,1044,30,429,14,1517
/,13,941,,21,28,1003
104-M2-005,64,,,,,64
104-M2-007,24,192,,82,,298
104-M2-012,,672,,,,672
105-M2-002,,46,,,,46
105-M2-004,,12,,,,12
105-M2-005,,20,,,,20
107-V3-008,,,,10,,10
107-V3-009,,4,,,,4
107-V3-014,,200,,,,200
107-V3-015,,1494,,584,,2078
107-V3-016,,212,,,,212
107-V3-022,,3194,,486,,3680
107-V3-114-E,,222,,,,222
107-V3-115,,68,,82,,150
107-V3-115-E,,364,,,,364
107-V3-122,,,,36,,36
107-V3-122-E,,2004,,,,2004
108-V3-002,,576,,166,,742
108-V3-003,,156,,,,156
108-V3-102-E,,424,,,,424
108-V3-103,,,,108,,108
108-V3-103-E,,386,,,,386
108-V3-109-E,,572,,,,572
108-V3-116-E,,170,,,,170
108-V3-123-E,,6,,,,6
110-V3-006,,104,,,,104
110-V3-007,,28,,,,28
110-V3-008,,3278,,,,3278
110-V3-009,114,5956,,64,,6134
110-V3-011,,60,,,,60
110-V3-106-E,30,16,,,,46
110-V3-108,,132,,,,132
110-V3-109,,98,,32,,130
110-V3-110-E,470,1387,,,,1857
110-V3-114-E,,8,,,,8
111-V3-001,,60,,,,60
111-V3-002,,16,,,,16
111-V3-005,,12,,,,12
111-V3-008,,32,,,,32
111-V3-103-E,,32,,,,32
113-V3-022-E,,542,,,,542
114-V3-002-E,,22,,,,22
114-V3-003,,,,30,,30
114-V3-003-D1-E,,70,,,,70
114-V3-003-E,,48,,,,48
114-V3-008-D1,,4,,,,4
114-V3-008-E,,92,,,,92
114-V3-009-E,,44,,,,44
114-V3-010,,,,44,,44
114-V3-010-D1,,,,44,,44
114-V3-010-D1-E,,136,,,,136
114-V3-015-E,,58,,,,58
114-V3-016-E,,4,,,,4
114-V3-018-D1-E,,62,,,,62
116-V3-008,,6,,,,6
116-V3-010-E,,491,,,,491
116-V3-014-E,,8,,,,8
143-V3-122,,,,2,,2
147-V3-122,,,,58,,58
147-V3-122-E,,2,,,,2
147-V3-124-D1-E,,24,,,,24
148-V3-102-E,,20,,,,20
148-V3-103-D1-E,,64,,,,64
148-V3-103-E,,90,,,,90
148-V3-116-E,,24,,,,24
148-V3-118-D1-E,,24,,,,24
201-M1-063,,,,,7,7
201-M2-021,,80,,312,,392
201-M2-023,,368,,866,,1234
201-M2-031,,28,,,,28
201-M2-041,,,,44,,44
201-M2-061,,206,,,20,226
202-M1-061,,,,10,4,14
202-M2-001,38,14,,,,52
202-M2-003,56,,,,,56
202-M2-011,36,104,,20,,160
202-M2-031,,156,,,,156
202-M2-041,,94,,,,94
202-M2-046,,186,,,,186
202-M2-071,,97,,,,97
202-M2-073,,16,,18,,34
202-M2-073-PP,,24,,,,24
202-M2-076,,48,,,,48
202-M2-091,,171,,,,171
202-M2-096,,6,,,,6
202-M2-101,,22,,,,22
202-M2-111,,42,,,,42
203-M2-011,,26,,,,26
203-M2-051,,4,,,,4
203-M2-081,,2,,,,2
204-V3-031-E,,136,,,,136
204-V3-041,,,,56,,56
204-V3-043,,,,42,,42
204-V3-051,,,,2,,2
204-V3-051-E,264,2001,,,,2265
204-V3-053-E,,134,,,,134
204-V3-061,,,,2,,2
204-V3-071,,,,,8,8
204-V3-071-E,900,903,,,,1803
204-V3-073-E,412,31,,,,443
204-V3-1031,,280,,,,280
204-V3-1041,,628,,2,,630
204-V3-1061,2,176,,16,,194
205-V3-011,,,,84,8,92
205-V3-021-E,141,470,,,,611
205-V3-023-E,94,28,,,,122
205-V3-041,,,,78,,78
205-V3-051-E,36,742,,,,778
205-V3-056-E,12,50,,,,62
205-V3-061,,,,104,,104
205-V3-063,,,,24,,24
205-V3-065,,32,,,,32
205-V3-081-E,28,1222,,,,1250
205-V3-091,,,,6,,6
205-V3-096,,4,,,,4
205-V3-096-E,,6,,,,6
205-V3-101,,,,4,,4
205-V3-111-E,,335,,,,335
206-V3-031-E,,240,,,,240
206-V3-071-E,,115,,,,115
206-V3-081,,8,,,,8
206-V3-081-E,,2,,,,2
207-H2-171,,,,104,,104
207-H2-191,,,,60,,60
207-V3-031,,,,24,,24
207-V3-031-E,,28,,,,28
207-V3-041,,8,,45,,53
207-V3-051,,,,40,,40
207-V3-051-E,,210,,,,210
207-V3-053,,,,16,,16
207-V3-053-E,16,55,,,,71
207-V3-056,,,,56,,56
207-V3-056-E,,20,,,,20
207-V3-066,,,,8,,8
207-V3-071-E,147,657,,,,804
207-V3-073-E,28,,,,,28
208-H2-021-E,72,,,,,72
208-V3-021-E,68,560,,,,628
208-V3-051-E,2,212,,,,214
224-V3-051,,,,98,,98
224-V3-051-E,,725,,,,725
224-V3-073-E,,2,,,,2
225-V3-021-E,,10,,,,10
225-V3-023-E,6,70,,,,76
225-V3-081-E,,260,,,,260
225-V3-086-E,,14,,,,14
225-V3-111-E,,202,,,,202
225-V3-116-E,,8,,,,8
226-V3-031-E,,199,,,,199
226-V3-036-E,,42,,,,42
226-V3-071-E,,20,,,,20
226-V3-081-E,,2,,,,2
226-V3-121-E,,20,,,,20
227-V3-051-E,958,120,,,,1078
227-V3-061,,,,10,,10
227-V3-071,8,,,,,8
227-V3-071-E,478,310,,,,788
227-V3-073-E,46,,,,,46
228-V3-021-E,86,438,,,,524
228-V3-023-E,49,62,,,,111
228-V3-026-E,,48,,,,48
228-V3-041,,,,8,,8
228-V3-051-E,,456,,,,456
228-V3-053-E,,16,,,,16
228-V3-056-E,,12,,,,12
228-V3-081-E,,176,,,,176
228-V3-083-E,,18,,,,18
228-V3-111-E,,172,,,,172
228-V3-113-E,,55,,,,55
229-V3-031-E,,40,,,,40
229-V3-071-E,,92,,,,92
244-V3-071-E,96,,,,,96
244-V3-091-E,130,,,,,130
244-V3-121-E,2,6,,,,8
244-V3-123-E,6,,,,,6
244-V3-221-E,4,20,,,,24
244-V3-251-E,,404,,,,404
244-V3-256-E,,12,,,,12
244-V3-281-E,,235,,,,235
244-V3-286-E,,4,,,,4
244-V3-321-E,,117,,,,117
244-V3-326-E,,42,,,,42
244-V3-361-E,,6,,,,6
247-V3-051-E,942,16,,,,958
247-V3-053-E,,18,,,,18
247-V3-071-E,465,,,,,465
247-V3-073-E,32,,,,,32
247-V3-101-E,86,347,,,,433
247-V3-103-E,47,,,,,47
247-V3-106-E,,24,,,,24
247-V3-131-E,6,403,,,,409
247-V3-133-E,,16,,,,16
247-V3-136-E,,12,,,,12
247-V3-161-E,12,173,,,,185
247-V3-163-E,,18,,,,18
247-V3-191-E,,138,,,,138
247-V3-193-E,,55,,,,55
247-V3-231-E,,44,,,,44
247-V3-271-E,,92,,,,92
"401-B2-001-A-P2-3,2",,,,120,,120
401-B2-001-A-P2-3.2,,,,32,,32
401-M2-004-A-P2-3.2,118,38,,48,,204
401-M2-004-A-P2.3.2,,,,54,,54
401-M2-005-A-P2-3.2,,176,,,,176
401-M2-007-A-P2-3.2,,226,,,,226
401-M2-008-A-P2-3.2,440,438,,,,878
401-M2-009-A-P2-3.2,,60,,,,60
401-M2-012-A-P2-4.1,,218,,5,,223
401-M2-012-A-P3-4.1,472,398,,,,870
"401-M4-005-A-P2-3,2",,,,222,,222
402-M1-002-A-P2-4.1,,79,,,,79
402-M2-002-A-P3-4.1,26,,,,,26
403-V3-005-A-P2-3.2,,563,,,,563
403-V3-008-A-P2-3.2,,811,,,,811
403-V3-008-A-P2-4.1,,368,,,,368
403-V3-104-A-P2-3.2,,188,,,,188
403-V3-105-A-P2-3.2,396,1118,30,374,,1918
403-V3-107-A-P2-3.2,,30,,,,30
403-V3-107-A-P2-4.1,,566,,,,566
403-V3-108-A-P2-3.2,92,1247,,,,1339
403-V3-112-A-P2-4.1,,1034,,6,48,1088
405-H2-004-A-P2-3.2,,226,,,,226
405-H2-005-A-P2-3.2,,419,,76,74,569
405-H2-007-A-P2-4.1,,24,,,,24
405-H2-008-A-P2-3.2,,649,,,,649
405-H2-008-A-P2-4.1,,985,,,,985
405-H2-012-A-P2-4.1,,,,4,,4
405-H2-013-A-P2-4.1,,127,,,,127
405-V3-005-A-P2-3.2,,209,,7,,216
405-V3-008-A-P2-4.1,,191,,,,191
Bride en Cé,,3,,,,3
ISO - H10,,,,4,,4
"Ø11,4H10",,,,3,,3
Ø13H10,,,,2,,2
"Ø14,6H10",,,,2,,2
"Ø16,2H10",,,,2,,2
"Ø4,1",,4,,,,4
Ø4.1,,4,,,,4
"Ø5,1",,2,,,,2
"Ø6,6/Ø6,5",,,,63,,63
Perceuse manuelle équipé d’un alésoire 3/4,,,,8,,8
"Selon cascade :
Ø7,9
Ø8,5
Ø9,7
Ø10H7",,4,,,,4
SNZ-H1-026-E,,8,,,,8
SNZ-H1-027-E,,8,,,,8
SNZ-H1-089-E,,48,,,,48
SNZ-H1-090,,48,,,,48
SNZ-H1-165-E,,12,,,,12
SNZ-H1-166-E,,8,,,,8
SNZ-H10-196,,16,,,,16
SNZ-H11-336,,460,,,,460
SNZ-H2-072,,112,,262,,374
SNZ-H2-074,,4,,,,4
SNZ-H2-098,,60,,,,60
SNZ-H2-266,,452,,,,452
SNZ-H2-341-A-P2-3.2,48,,,,,48
SNZ-H2-342-A-P2-3.2,320,,,,,320
SNZ-H2-346-A-P2-4.1,,8,,,,8
SNZ-H7-103,,,,8,,8
SNZ-H7-105,,,,20,,20
SNZ-H7-110,,,,6,,6
SNZ-H8-075,,,,4,,4
SNZ-H8-150,,4,,,,4
SNZ-H8-150 R1,,4,,,,4
SNZ-H8-153,,,,6,,6
SNZ-H8-181,,,,6,,6
SNZ-H8-210,,,,6,,6
SNZ-H8-257,,,,2,,2
SNZ-H8-258,,,,4,,4
SNZ-H8-290,,,,4,,4
SNZ-H9-179,,,,2,,2
SNZ-H9-209,,,,2,,2
SNZ-M1-137,,20,,,,20
SNZ-M1-138,,48,,,,48
SNZ-M1-270,,2596,,168,,2764
SNZ-M1-273,,338,,80,112,530
SNZ-M1-274,,90,,10,,100
SNZ-M1-278,,52,,,,52
SNZ-M1-314,,32,,8,16,56
SNZ-M2-011,,74,,,,74
SNZ-M2-012,,64,,,,64
SNZ-M2-022,,160,,,,160
SNZ-M2-023,,168,,,,168
SNZ-M2-036,,220,,,,220
SNZ-M2-048,,22,,,,22
SNZ-M2-051,,6,,,,6
SNZ-M2-147,,24,,,,24
SNZ-M2-152,,12,,,,12
SNZ-M2-176,,22,,,,22
SNZ-M2-178,,,,2,,2
SNZ-M2-180,,,,6,,6
SNZ-M2-221,,20,,,,20
SNZ-M2-222,,20,,,,20
SNZ-M2-244,,634,,,,634
SNZ-M2-245,,402,,,,402
SNZ-M2-246,,46,,,,46
SNZ-M2-313,,32,,,,32
SNZ-M2-313-FE,,18,,,,18
SNZ-M2-318,,24,,,,24
SNZ-M2-318-FE,,34,,,,34
SNZ-M2-324,,183,,,,183
SNZ-M2-326,,,,18,,18
SNZ-M2-339,,12,,,,12
SNZ-T2-014,,,,60,4,64
SNZ-T2-034,,,,48,,48
SNZ-T2-035,10,,,88,,98
SNZ-T2-037,,,,28,,28
SNZ-T2-167,,6,,,,6
SNZ-T2-168,,6,,,,6
SNZ-T2-169,,4,,,,4
SNZ-T2-171,,12,,,,12
SNZ-T2-200,4,4,,,,8
SNZ-T2-201,,4,,,,4
SNZ-T2-267,,,,8,,8
SNZ-T2-292,54,,,,,54
SNZ-T2-293,66,,,,,66
SNZ-T2-294,24,,,,,24
SNZ-T2-322,32,,,,,32
SNZ-T2-323,32,,,,,32
SNZ-T2-327,16,,,,,16
SNZ-T2-328,16,,,,,16
SNZ-T2-329,2,,,,,2
SNZ-T2-330,2,,,,,2
SNZ-T2-337,2,,,,,2
SNZ-T2-338,2,,,,,2
SNZ-V3-002-E,,4,,,,4
SNZ-V3-004,,,,12,,12
SNZ-V3-005-E,,360,,,,360
SNZ-V3-006-E,,254,,,,254
SNZ-V3-008-E,,8,,,,8
SNZ-V3-015-E,,114,,,,114
SNZ-V3-016-E,,30,,,,30
SNZ-V3-017-E,,128,,,,128
SNZ-V3-018-E,,48,,,,48
SNZ-V3-024,,72,,,,72
SNZ-V3-024-E,,12,,,,12
SNZ-V3-025,,72,,,,72
SNZ-V3-025-E,,8,,,,8
SNZ-V3-028-E,,12,,,,12
SNZ-V3-029-E,,12,,,,12
SNZ-V3-032-E,,41,,,,41
SNZ-V3-052-E,,88,,,,88
SNZ-V3-053-E,,42,,,,42
SNZ-V3-054-E,,42,,,,42
SNZ-V3-055-E,,170,,,,170
SNZ-V3-056-E,,170,,,,170
SNZ-V3-057-E,,56,,,,56
SNZ-V3-058-E,,56,,,,56
SNZ-V3-073-E,,8,,,,8
SNZ-V3-079-E,,24,,,,24
SNZ-V3-092-E,,70,,,,70
SNZ-V3-113,,,,6,,6
SNZ-V3-114,,,,114,,114
SNZ-V3-115,,,,196,,196
SNZ-V3-125-E,,26,,,,26
SNZ-V3-126-E,,26,,,,26
SNZ-V3-130,,280,,,,280
SNZ-V3-143-E,,74,,,,74
SNZ-V3-144-E,,74,,,,74
SNZ-V3-145,,120,,,,120
SNZ-V3-146,,48,,,,48
SNZ-V3-148,102,,,,,102
SNZ-V3-155-E,,50,,,,50
SNZ-V3-156-E,,54,,,,54
SNZ-V3-157,,24,,,16,40
SNZ-V3-158-E,,10,,,,10
SNZ-V3-159-E,,10,,,,10
SNZ-V3-161-E,,44,,,,44
SNZ-V3-162-E,,44,,,,44
SNZ-V3-172,,4,,,,4
SNZ-V3-173,,4,,,,4
SNZ-V3-174,,6,,,,6
SNZ-V3-175,,6,,,,6
SNZ-V3-188,,,,12,,12
SNZ-V3-197,,,,16,,16
SNZ-V3-198-E,,78,,,,78
SNZ-V3-199-E,,78,,,,78
SNZ-V3-202,,138,,,,138
SNZ-V3-206-B-P2,,242,,,,242
SNZ-V3-207-E,,12,,,,12
SNZ-V3-225,,4,,,,4
SNZ-V3-234,32,,,,,32
SNZ-V3-237,,36,,,,36
SNZ-V3-238,,24,,,,24
SNZ-V3-243,,64,,,,64
SNZ-V3-249-E,,98,,,,98
SNZ-V3-250-E,,86,,,,86
SNZ-V3-251-E,,54,,,,54
SNZ-V3-252-E,,46,,,,46
SNZ-V3-253-E,,24,,,,24
SNZ-V3-254-E,,8,,,,8
SNZ-V3-255-E,,36,,,,36
SNZ-V3-256-E,,36,,,,36
SNZ-V3-261,,,,,320,320
SNZ-V3-275,,,,30,,30
SNZ-V3-279-E,,256,,,,256
SNZ-V3-280-E,,177,,,,177
SNZ-V3-281-E,,254,,,,254
SNZ-V3-282,,170,,,,170
SNZ-V3-295,580,,,,,580
SNZ-V3-295-PP,580,,,,,580
SNZ-V3-297,132,,,,,132
SNZ-V3-297-PP,120,,,,,120
SNZ-V3-298,18,,,,,18
SNZ-V3-299-E,,2,,,,2
SNZ-V3-300-E,,4,,,,4
SNZ-V3-301-E,,12,,,,12
SNZ-V3-304,,,,92,,92
SNZ-V3-305-E,,16,,,,16
SNZ-V3-306-E,6,,,,,6
SNZ-V3-307-E,6,152,,,,158
SNZ-V3-308-E,6,6,,,,12
SNZ-V3-309-E,,12,,,,12
SNZ-V3-310-E,16,24,,,,40
SNZ-V3-325-E,12,,,,,12
SNZ-V3-335,,12,,,,12
SNZ-V3-345-E,,4,,,,4
SNZ-V3-347,4,,,,,4
SNZ-V3-349-E,,48,,,,48
SNZ-V4-192,,,,,8,8
SNZ-XX-093,,6,,,,6
SNZ-XX-094,,6,,,,6
SNZ-XX-107,,,,190,,190
SNZ-XX-124,,6,,,,6
SNZ-XX-124 R1,,1,,,,1
SNZ-XX-190,,,,354,,354
ST510,,18,,,32,50
ST510 (ABS1707BP1M2A),,8,,,,8
"ST510 Ø6,4",,32,,,,32
ST510 ou ST550 Ø6.4,,124,,,,124
"ST510-4,8-M4-3,2",,,,8,,8
ST510-4.8-M2-3.2,,6,,,,6
"ST510-6,3-M4",,,,8,,8
"ST510-M4-6,3-3,2",,,,184,,184
"ST550 Ø6,4",,32,,,,32
Zone de canon fixe,,20,,,,20
Total général,10314,65157,60,7551,719,83801